{"_wandb":{"runtime":4},"_runtime":3.7816573829999998,"train/loss":0.02447667191729505,"valid/loss":0.024575659290213485,"final/valid_accuracy":1,"epoch":20,"_timestamp":1.7498286184237204e+09,"time":0.004425048828125,"train/accuracy":0.9986030732388744,"valid/accuracy":1,"final/train_accuracy":0.9986030732388744,"final/valid_loss":0.024575659290213485,"final/train_loss":0.02447667191729505,"_step":20}