{"final/train_accuracy":0.9979826507968529,"valid/loss":0.03564083098771437,"_step":20,"epoch":20,"_runtime":3.852163246,"final/train_loss":0.023673779046924023,"valid/accuracy":0.9890909090909091,"train/accuracy":0.9979826507968529,"final/valid_loss":0.03564083098771437,"_wandb":{"runtime":3},"train/loss":0.023673779046924023,"_timestamp":1.749824031221032e+09,"final/valid_accuracy":0.9890909090909091,"time":0.004224300384521484}